bv_id,user_id,user_ip,user_engagement_score,video_total_score,comment_total_score
BV1gQ4y1E7iy,叶子の屋子,广东,44.8,44.7,45
BV1gQ4y1E7iy,会AI的哈利波特,湖南,46.56,44.7,50
BV1gQ4y1E7iy,James大梦,上海,46.56,44.7,50
BV1gQ4y1E7iy,西北老汉棒棒糖,广东,46.56,44.7,50
BV1gQ4y1E7iy,柒夏995,北京,46.56,44.7,50
BV1gQ4y1E7iy,凌岐峰,海南,46.56,44.7,50
BV1gQ4y1E7iy,如月瑞雨,河北,50.06,44.7,60
BV1gQ4y1E7iy,阿咩能猫,广东,46.56,44.7,50
BV1gQ4y1E7iy,星空-随梦逐流,辽宁,46.56,44.7,50
BV1gQ4y1E7iy,Bianwy025,江苏,46.56,44.7,50
BV1gQ4y1E7iy,小猪_123,湖北,46.56,44.7,50
BV1gQ4y1E7iy,闪电蝗虫,辽宁,46.56,44.7,50
BV1gQ4y1E7iy,Jack_palace,广西,46.56,44.7,50
BV1gQ4y1E7iy,小王子在攒钱,湖北,46.56,44.7,50
BV1gQ4y1E7iy,bili_3546376279427455,山东,46.56,44.7,50
BV1gQ4y1E7iy,bili_73079774986,山东,46.56,44.7,50
BV1gQ4y1E7iy,週沫,四川,46.56,44.7,50
BV1gQ4y1E7iy,汪汪队_www,陕西,46.56,44.7,50
BV1gQ4y1E7iy,我准备了炸肉条,中国香港,46.56,44.7,50
BV1gQ4y1E7iy,南风入弦____,北京,46.56,44.7,50
BV1gQ4y1E7iy,patrickhsia,中国台湾,46.56,44.7,50
BV1gQ4y1E7iy,16_HIGH,广东,46.56,44.7,50
BV1gQ4y1E7iy,格子间421,安徽,46.56,44.7,50
BV1gQ4y1E7iy,Xixizi西溪子,陕西,46.56,44.7,50
BV1gQ4y1E7iy,露禾的念想,重庆,46.56,44.7,50
BV1gQ4y1E7iy,wdb800915,安徽,46.56,44.7,50
BV1gQ4y1E7iy,破舟鬼,北京,46.56,44.7,50
BV1gQ4y1E7iy,码上_家族,广东,46.56,44.7,50
BV1gQ4y1E7iy,二林0xcoolx,中国台湾,46.56,44.7,50
BV1gQ4y1E7iy,飞白12,河北,46.56,44.7,50
BV1gQ4y1E7iy,hanxinyan1,福建,46.56,44.7,50
BV1gQ4y1E7iy,两年的假期,重庆,46.56,44.7,50
BV1gQ4y1E7iy,伽百力,山西,46.56,44.7,50
BV1gQ4y1E7iy,霜_雪明,河南,46.56,44.7,50
BV1gQ4y1E7iy,Max讷讷,北京,46.56,44.7,50
BV1gQ4y1E7iy,黄昏的眼睛,安徽,46.56,44.7,50
BV1gQ4y1E7iy,墨漾平芜,江西,46.56,44.7,50
BV1gQ4y1E7iy,橘子屿猫丶,上海,46.56,44.7,50
BV1gQ4y1E7iy,langganpan,山东,46.56,44.7,50
BV1gQ4y1E7iy,michael_linux,河南,46.56,44.7,50
BV1gQ4y1E7iy,Stevenfx,上海,46.56,44.7,50
BV1gQ4y1E7iy,橘子的奶酪,四川,46.56,44.7,50
BV1gQ4y1E7iy,南王在此,江苏,46.56,44.7,50
BV1gQ4y1E7iy,赫呵123,内蒙古,46.56,44.7,50
BV1gQ4y1E7iy,伊斯利,辽宁,46.56,44.7,50
BV1gQ4y1E7iy,三岁杠杠,广东,46.56,44.7,50
BV1gQ4y1E7iy,星光璀璨不负你,河南,46.56,44.7,50
BV1gQ4y1E7iy,bili_71433566466,江苏,46.56,44.7,50
BV1gQ4y1E7iy,bili_59406334707,广西,46.56,44.7,50
BV1gQ4y1E7iy,论名字的正确取法,北京,46.56,44.7,50
BV1CZaMztETy,方程芒果,天津,45.96,43.79,50
BV1CZaMztETy,特洛伊雪,浙江,45.96,43.79,50
BV1CZaMztETy,暮紫白,云南,45.96,43.79,50
BV1CZaMztETy,头头超帅,吉林,45.96,43.79,50
BV1CZaMztETy,越战越song,重庆,45.96,43.79,50
BV1CZaMztETy,张老师365954496,江苏,45.96,43.79,50
BV1CZaMztETy,躺平废物哥,浙江,45.96,43.79,50
BV1CZaMztETy,Feuerwezk,河南,45.96,43.79,50
BV1CZaMztETy,蔡恩贞长得像刘亦菲,河北,45.96,43.79,50
BV1CZaMztETy,情绪不由己v4,湖南,45.96,43.79,50
BV1CZaMztETy,广东高等数学讲解,广东,45.96,43.79,50
BV1CZaMztETy,三岁杠杠,广东,45.96,43.79,50
BV1CZaMztETy,Bizhbibi,江苏,45.96,43.79,50
BV1CZaMztETy,深夜加油,福建,45.96,43.79,50
BV1CZaMztETy,草莓雪糕2016,广东,45.96,43.79,50
BV1CZaMztETy,45725589378_bili,广西,45.96,43.79,50
BV1CZaMztETy,Bianwy025,江苏,45.96,43.79,50
BV1CZaMztETy,孤逸悠然,湖南,45.96,43.79,50
BV1CZaMztETy,bili_24364633755,山东,45.96,43.79,50
BV1CZaMztETy,ngnono55,广东,45.96,43.79,50
BV1CZaMztETy,不黯凡尘,北京,45.96,43.79,50
BV1CZaMztETy,大伟子1215,广东,45.96,43.79,50
BV1CZaMztETy,一代天骄辰战,江苏,45.96,43.79,50
BV1CZaMztETy,是王栋瑞,四川,45.96,43.79,50
BV1CZaMztETy,王浩鹏8787,内蒙古,45.96,43.79,50
BV1CZaMztETy,还剩八个,上海,45.96,43.79,50
BV1CZaMztETy,Megumisaikou_,浙江,45.96,43.79,50
BV1CZaMztETy,洲X,广东,45.96,43.79,50
BV1CZaMztETy,量子喵学家,重庆,45.96,43.79,50
BV1CZaMztETy,心灵极盗,北京,45.96,43.79,50
BV1CZaMztETy,小白DCL,浙江,45.96,43.79,50
BV1CZaMztETy,量子喵学家,重庆,45.96,43.79,50
BV1CZaMztETy,暮紫白,云南,45.96,43.79,50
BV1CZaMztETy,Joexiake,江苏,45.96,43.79,50
BV1CZaMztETy,但但丁丁真真是俩个人,广东,45.96,43.79,50
BV1CZaMztETy,学术小白虫,辽宁,45.96,43.79,50
BV1CZaMztETy,多伴是肺热,湖南,45.96,43.79,50
BV1CZaMztETy,profhxf,江苏,45.96,43.79,50
BV1uCrpBmEnE,非著名的程序猿,浙江,46.17,44.11,50
BV1uCrpBmEnE,人工智能学习指南,湖南,46.17,44.11,50
BV1uCrpBmEnE,国家一级训猴师,广东,44.42,44.11,45
BV1uCrpBmEnE,黑月亮2017,浙江,46.17,44.11,50
BV1uCrpBmEnE,潇湘畸零人,湖南,46.17,44.11,50
BV1uCrpBmEnE,speedearest,山东,46.17,44.11,50
BV1uCrpBmEnE,wangyuwei92,陕西,46.17,44.11,50
BV1uCrpBmEnE,異度旅社,四川,46.17,44.11,50
BV1uCrpBmEnE,你愁啥0瞅你咋地,河南,44.42,44.11,45
BV1uCrpBmEnE,诗经豳风,陕西,44.42,44.11,45
BV1uCrpBmEnE,天上的街市与月光,重庆,46.17,44.11,50
BV1uCrpBmEnE,gysghys,云南,46.17,44.11,50
BV1uCrpBmEnE,别打烊,安徽,46.17,44.11,50
BV1uCrpBmEnE,比例强,安徽,46.17,44.11,50
BV1uCrpBmEnE,风的名字2018,陕西,46.17,44.11,50
BV1uCrpBmEnE,探客采文,黑龙江,46.17,44.11,50
BV1uCrpBmEnE,chulufeng,江苏,46.17,44.11,50
BV1uCrpBmEnE,bili_86781053926,上海,46.17,44.11,50
BV1uCrpBmEnE,gl-June,山东,46.17,44.11,50
BV1uCrpBmEnE,高冷小帅007,湖北,46.17,44.11,50
BV1uCrpBmEnE,人工智能学习指南,湖南,46.17,44.11,50
BV1uCrpBmEnE,相信胜利,山西,46.17,44.11,50
BV1uCrpBmEnE,聆工明,上海,46.17,44.11,50
BV1uCrpBmEnE,延陵有宝剑,江苏,46.17,44.11,50
BV1uCrpBmEnE,迷蝶晓梦1,河北,46.17,44.11,50
BV1uCrpBmEnE,欧阳Nick,上海,46.17,44.11,50
BV1uCrpBmEnE,Queen-太子爷,江西,46.17,44.11,50
BV1uCrpBmEnE,ppig_mk2,重庆,46.17,44.11,50
BV1uCrpBmEnE,YOUBA,河北,46.17,44.11,50
BV1uCrpBmEnE,琉璃紫月盏,河北,46.17,44.11,50
BV1rY4y1P7er,HainL_,重庆,47.4,51.38,40
BV1rY4y1P7er,孤独单,安徽,49.15,51.38,45
BV1rY4y1P7er,最爱吃的辣条是林妹妹,湖南,54.4,51.38,60
BV1rY4y1P7er,如鲸向海Z,四川,50.9,51.38,50
BV1rY4y1P7er,prtsc2023,浙江,54.4,51.38,60
BV1rY4y1P7er,头像是谁我是谁,江苏,50.9,51.38,50
BV1rY4y1P7er,更不会起名了,广东,49.15,51.38,45
BV1rY4y1P7er,花椒陈皮大料,黑龙江,49.15,51.38,45
BV1rY4y1P7er,中年亦少女,上海,50.9,51.38,50
BV1rY4y1P7er,陶皮捣蛋,江西,49.15,51.38,45
BV1rY4y1P7er,洒家娇羞,四川,50.9,51.38,50
BV1rY4y1P7er,冲锋特困生,安徽,50.9,51.38,50
BV1rY4y1P7er,清流涧石,河南,50.9,51.38,50
BV1rY4y1P7er,孤径,甘肃,50.9,51.38,50
BV1rY4y1P7er,天上掉下个胖香蕉,河南,50.9,51.38,50
BV1rY4y1P7er,柳树下的大只榴莲,江苏,50.9,51.38,50
BV1rY4y1P7er,来叫阿姨ya,广东,50.9,51.38,50
BV1rY4y1P7er,Lux_auras,北京,50.9,51.38,50
BV1rY4y1P7er,野生刀客的豹猫,山西,49.15,51.38,45
BV1rY4y1P7er,Hiryoungsigres,陕西,50.9,51.38,50
BV1rY4y1P7er,寒星官人,重庆,49.15,51.38,45
BV1rY4y1P7er,优质水you,黑龙江,50.9,51.38,50
BV1rY4y1P7er,花在今朝,黑龙江,54.4,51.38,60
BV1rY4y1P7er,BlackFlameOrion,云南,50.9,51.38,50
BV1rY4y1P7er,AI视频小助理,上海,57.9,51.38,70
BV1rY4y1P7er,真的老了还是,浙江,54.4,51.38,60
BV1rY4y1P7er,bili_24075575172,广东,50.9,51.38,50
BV1rY4y1P7er,LittleSun_bili,山东,50.9,51.38,50
BV1rY4y1P7er,卟离卟离左卫门,甘肃,50.9,51.38,50
BV1rY4y1P7er,幻夜灵喵丿灬灵儿,广东,54.4,51.38,60
BV1rY4y1P7er,深蓝B,四川,49.15,51.38,45
BV1rY4y1P7er,一只Edge呀,浙江,50.9,51.38,50
BV1rY4y1P7er,鹿鸣曲委员,湖南,50.9,51.38,50
BV1rY4y1P7er,取名大师BObZ,浙江,50.9,51.38,50
BV1rY4y1P7er,ddxdai007,浙江,50.9,51.38,50
BV1rY4y1P7er,西工大第一ikun,陕西,50.9,51.38,50
BV1rY4y1P7er,蛋饺香香,湖北,50.9,51.38,50
BV1rY4y1P7er,账号已注销,湖南,50.9,51.38,50
BV1rY4y1P7er,lazystranger,山东,50.9,51.38,50
BV1rY4y1P7er,觉性常自在,浙江,50.9,51.38,50
BV1rY4y1P7er,醉梦秋华,江苏,50.9,51.38,50
BV1rY4y1P7er,账号已注销,江苏,50.9,51.38,50
BV1rY4y1P7er,汐呵,安徽,50.9,51.38,50
BV1rY4y1P7er,六个人打智哥,四川,50.9,51.38,50
BV1rY4y1P7er,不要只停留在想法啊,贵州,50.9,51.38,50
BV1rY4y1P7er,硬核的野生技术,山西,50.9,51.38,50
BV1rY4y1P7er,Keppa_Lamberjohn,山东,54.4,51.38,60
BV1rY4y1P7er,CxFyeah,黑龙江,50.9,51.38,50
BV1sd4y167NS,吃山楂糕不吃山楂球,吉林,57.97,54.19,65
BV1sd4y167NS,余温不温不暖,江西,56.22,54.19,60
BV1sd4y167NS,西湖大学WindyLab,浙江,52.72,54.19,50
BV1sd4y167NS,颜筱惜,陕西,52.72,54.19,50
BV1sd4y167NS,西湖大学WindyLab,浙江,56.22,54.19,60
BV1sd4y167NS,西湖大学WindyLab,浙江,56.22,54.19,60
BV1sd4y167NS,西湖大学WindyLab,浙江,56.22,54.19,60
BV1sd4y167NS,RLGamer,广东,56.22,54.19,60
BV1sd4y167NS,想去西藏呀,山西,56.22,54.19,60
BV1sd4y167NS,西湖大学WindyLab,浙江,56.22,54.19,60
BV1sd4y167NS,西湖大学WindyLab,浙江,63.22,54.19,80
BV1sd4y167NS,西湖大学WindyLab,浙江,52.72,54.19,50
BV1sd4y167NS,西湖大学WindyLab,浙江,56.22,54.19,60
BV1sd4y167NS,西湖大学WindyLab,浙江,52.72,54.19,50
BV1sd4y167NS,aasinads,北京,52.72,54.19,50
BV1sd4y167NS,西湖大学WindyLab,中国香港,56.22,54.19,60
BV1sd4y167NS,flmilan,湖北,56.22,54.19,60
BV1sd4y167NS,西湖大学WindyLab,浙江,56.22,54.19,60
BV1sd4y167NS,阿星_tan90,湖南,52.72,54.19,50
BV1sd4y167NS,烟花易冷159873,北京,52.72,54.19,50
BV1sd4y167NS,西湖大学WindyLab,浙江,52.72,54.19,50
BV1sd4y167NS,西湖大学WindyLab,浙江,56.22,54.19,60
BV1sd4y167NS,好哥哥_666,浙江,52.72,54.19,50
BV1sd4y167NS,电子羊公社,内蒙古,52.72,54.19,50
BV1sd4y167NS,西湖大学WindyLab,浙江,52.72,54.19,50
BV1sd4y167NS,气泡橙汁Zz,江苏,57.97,54.19,65
BV1sd4y167NS,RLGamer,广东,52.72,54.19,50
BV1sd4y167NS,西湖大学WindyLab,浙江,56.22,54.19,60
BV1sd4y167NS,能不能把成和花送给我,北京,52.72,54.19,50
BV1sd4y167NS,ningshuxiao1,山东,66.72,54.19,90
BV1sd4y167NS,大寒_Winter,广西,52.72,54.19,50
BV1sd4y167NS,同济子豪兄,上海,52.72,54.19,50
BV1sd4y167NS,摸鱼老阴比,重庆,59.72,54.19,70
BV1sd4y167NS,AKINA激昂,北京,52.72,54.19,50
BV1sd4y167NS,softdreamA1,北京,59.72,54.19,70
BV1sd4y167NS,Sy_ccccc,北京,59.72,54.19,70
BV1sd4y167NS,RLGamer,广东,52.72,54.19,50
BV1sd4y167NS,乔义封,山东,52.72,54.19,50
BV1sd4y167NS,jwk_rose,浙江,52.72,54.19,50
BV1sd4y167NS,-Favorite_,北京,52.72,54.19,50
BV1sd4y167NS,RosePierceSky,北京,59.72,54.19,70
BV1sd4y167NS,写字的美美,北京,56.22,54.19,60
BV1sd4y167NS,皮皮-04,甘肃,56.22,54.19,60
BV1sd4y167NS,NJU_喵,江苏,59.72,54.19,70
BV1sd4y167NS,conqueree,江苏,56.22,54.19,60
BV1sd4y167NS,cleanblue,湖北,56.22,54.19,60
BV1sd4y167NS,屹77,上海,52.72,54.19,50
BV1sd4y167NS,小丁1223,浙江,56.22,54.19,60
BV16a4y1N7z4,丨评论区有很多野怪,江苏,51.27,51.96,50
BV16a4y1N7z4,亡环上的晨星,广西,54.77,51.96,60
BV16a4y1N7z4,真人不死,广西,54.77,51.96,60
BV16a4y1N7z4,路人甲官方账号,浙江,54.77,51.96,60
BV16a4y1N7z4,账号已注销,福建,54.77,51.96,60
BV16a4y1N7z4,茅山盗士,广东,51.27,51.96,50
BV16a4y1N7z4,罗氏集团董秘,上海,51.27,51.96,50
BV16a4y1N7z4,记忆里的猫,陕西,53.02,51.96,55
BV16a4y1N7z4,账号已注销,四川,51.27,51.96,50
BV16a4y1N7z4,少年捷豹,浙江,51.27,51.96,50
BV16a4y1N7z4,浮生游梦yume,福建,54.77,51.96,60
BV16a4y1N7z4,万卷假书生,湖南,51.27,51.96,50
BV16a4y1N7z4,平原上的狍子,吉林,51.27,51.96,50
BV16a4y1N7z4,Murry27,山西,51.27,51.96,50
BV16a4y1N7z4,浮云丶d,广东,54.77,51.96,60
BV16a4y1N7z4,账号已注销,重庆,51.27,51.96,50
BV16a4y1N7z4,江南书枭,浙江,54.77,51.96,60
BV16a4y1N7z4,三葉minions,中国台湾,51.27,51.96,50
BV16a4y1N7z4,特罗姆瑟的暧昧,陕西,54.77,51.96,60
BV16a4y1N7z4,压缩文渐,山东,54.77,51.96,60
BV16a4y1N7z4,Consty子椰,江苏,61.77,51.96,80
BV16a4y1N7z4,羹丨,湖北,51.27,51.96,50
BV16a4y1N7z4,最爱若叶,广东,51.27,51.96,50
BV16a4y1N7z4,JIEdear_,江苏,54.77,51.96,60
BV16a4y1N7z4,無言是小白,广东,51.27,51.96,50
BV16a4y1N7z4,CsAu金化铯,浙江,51.27,51.96,50
BV16a4y1N7z4,账号已注销,江苏,51.27,51.96,50
BV16a4y1N7z4,萧瑟起悲歌,湖北,51.27,51.96,50
BV16a4y1N7z4,NickCarraway29,北京,54.77,51.96,60
BV16a4y1N7z4,龙崎小薰,江西,51.27,51.96,50
BV16a4y1N7z4,非洲第一剑魔,陕西,54.77,51.96,60
BV16a4y1N7z4,伊泽瑞尔Felix,安徽,51.27,51.96,50
BV16a4y1N7z4,艺术鉴赏者安卡,新疆,51.27,51.96,50
BV16a4y1N7z4,超超超爱吃荷包蛋,上海,51.27,51.96,50
BV16a4y1N7z4,真正的MAN9,吉林,54.77,51.96,60
BV16a4y1N7z4,知路常乐,河南,51.27,51.96,50
BV16a4y1N7z4,-Weh-,陕西,51.27,51.96,50
BV16a4y1N7z4,ForceAres,江苏,58.27,51.96,70
BV16a4y1N7z4,黑色玛莎拉,四川,51.27,51.96,50
BV16a4y1N7z4,cmj9092,浙江,58.27,51.96,70
BV16a4y1N7z4,世界第一时百谷殿下,江苏,51.27,51.96,50
BV16a4y1N7z4,瓜子0v0,广东,51.27,51.96,50
BV16a4y1N7z4,坐看云起时61,湖南,51.27,51.96,50
BV16a4y1N7z4,后期英雄-郑义德同学,内蒙古,54.77,51.96,60
BV1Lk4y1x7AE,凡人修AI,湖南,47.06,45.47,50
BV1Lk4y1x7AE,bili_14578403813,辽宁,47.06,45.47,50
BV1Lk4y1x7AE,影子跟读,广西,47.06,45.47,50
BV1Lk4y1x7AE,198108221,山东,47.06,45.47,50
BV1Lk4y1x7AE,河床搁浅,山东,47.06,45.47,50
BV1Lk4y1x7AE,bili_53128320261,广西,47.06,45.47,50
BV1Lk4y1x7AE,灵魂不灵,广东,47.06,45.47,50
BV1Lk4y1x7AE,咻咻cccc,辽宁,47.06,45.47,50
BV1Lk4y1x7AE,YingJiuJiu,天津,47.06,45.47,50
BV1Lk4y1x7AE,sssyyy111777,四川,47.06,45.47,50
BV1Lk4y1x7AE,柒玖____,辽宁,47.06,45.47,50
BV1Lk4y1x7AE,libby凌,浙江,47.06,45.47,50
BV1Lk4y1x7AE,娅莉姬,安徽,47.06,45.47,50
BV1Lk4y1x7AE,不北飞的白兰鸽,浙江,47.06,45.47,50
BV1Lk4y1x7AE,PING__L,河南,47.06,45.47,50
BV1Lk4y1x7AE,bili_88900800181,山东,47.06,45.47,50
BV1Lk4y1x7AE,小苏的妲己,辽宁,47.06,45.47,50
BV1Lk4y1x7AE,27号老法师,浙江,47.06,45.47,50
BV1Lk4y1x7AE,bili_95840693804,北京,47.06,45.47,50
BV1Lk4y1x7AE,笑着笑着-笑哭了,北京,47.06,45.47,50
BV1Lk4y1x7AE,emo也是e,广东,47.06,45.47,50
BV1Lk4y1x7AE,tll1945,北京,47.06,45.47,50
BV1Lk4y1x7AE,樱雨寒天落,浙江,47.06,45.47,50
BV1Lk4y1x7AE,Dx布衣,四川,47.06,45.47,50
BV1Lk4y1x7AE,Yjsensen000,北京,47.06,45.47,50
BV1Lk4y1x7AE,稻米和小麦,辽宁,47.06,45.47,50
BV1Lk4y1x7AE,bili_61257967538,江苏,47.06,45.47,50
BV1Lk4y1x7AE,bili_59796157653,山东,47.06,45.47,50
BV1Lk4y1x7AE,TNT-constantly,安徽,47.06,45.47,50
BV1Lk4y1x7AE,快乐是什么星球,北京,47.06,45.47,50
BV1Lk4y1x7AE,忍者女神象,北京,47.06,45.47,50
BV1Lk4y1x7AE,我哪里不绝望啦,四川,47.06,45.47,50
BV1Lk4y1x7AE,乡下的小丫头,广东,47.06,45.47,50
BV1Lk4y1x7AE,柠檬汤很好喝,湖北,47.06,45.47,50
BV1Lk4y1x7AE,苍巫墨,海南,47.06,45.47,50
BV1Lk4y1x7AE,jbjh1,四川,47.06,45.47,50
BV1Lk4y1x7AE,永远不算晚,重庆,47.06,45.47,50
BV1Lk4y1x7AE,啦啦啦京卡了一,辽宁,47.06,45.47,50
BV1Lk4y1x7AE,甜鸽suki,山东,47.06,45.47,50
BV1Lk4y1x7AE,__dong__-,广东,47.06,45.47,50
BV1Lk4y1x7AE,SlaveYang,北京,47.06,45.47,50
BV1Lk4y1x7AE,FyuQ-,湖北,47.06,45.47,50
BV1Lk4y1x7AE,Shinel_Nozen,江苏,47.06,45.47,50
BV1Lk4y1x7AE,fancyNovocaine,北京,47.06,45.47,50
BV1Lk4y1x7AE,13bear-,北京,47.06,45.47,50
BV1Lk4y1x7AE,风枫疯峰蜂,安徽,47.06,45.47,50
BV1Lk4y1x7AE,bili_67775738094,江西,47.06,45.47,50
BV1Lk4y1x7AE,with_time,江西,47.06,45.47,50
BV1Lk4y1x7AE,早安吖薰,吉林,47.06,45.47,50
BV1Lk4y1x7AE,快乐是什么星球,北京,47.06,45.47,50
BV1MD421T7LB,梅弟meide,上海,49.4,49.07,50
BV1MD421T7LB,小诸葛的灰白,江苏,49.4,49.07,50
BV1MD421T7LB,在小B的精神世界,广东,49.4,49.07,50
BV1MD421T7LB,-PETER--GRIFFIN-,安徽,49.4,49.07,50
BV1MD421T7LB,AloneReader,辽宁,49.4,49.07,50
BV1MD421T7LB,KeyBird,上海,52.9,49.07,60
BV1MD421T7LB,树上的姥爷,中国香港,49.4,49.07,50
BV1MD421T7LB,qppqpq,广东,49.4,49.07,50
BV1MD421T7LB,Spatacle,浙江,49.4,49.07,50
BV1MD421T7LB,埃米尔-德米安,湖南,49.4,49.07,50
BV1MD421T7LB,露西凯文,辽宁,49.4,49.07,50
BV1MD421T7LB,1e9879,广西,49.4,49.07,50
BV1MD421T7LB,榴莲0V0,贵州,49.4,49.07,50
BV1MD421T7LB,合订本第六章之回旋镖,广东,49.4,49.07,50
BV1MD421T7LB,一系列笔记簿,吉林,49.4,49.07,50
BV1MD421T7LB,打火机洗心革面,黑龙江,49.4,49.07,50
BV1MD421T7LB,zdusus,北京,49.4,49.07,50
BV1MD421T7LB,远i-Tony,河北,49.4,49.07,50
BV1MD421T7LB,魔法少女川谷元美,陕西,49.4,49.07,50
BV1MD421T7LB,T_O_G_E_T_H_E_R,山东,52.9,49.07,60
BV1MD421T7LB,秦明-LeoQin,河北,49.4,49.07,50
BV1MD421T7LB,northpark6800,湖南,49.4,49.07,50
BV1MD421T7LB,Morita_S,云南,52.9,49.07,60
BV1MD421T7LB,魔法少女川谷元美,陕西,49.4,49.07,50
BV1MD421T7LB,透明雨具买全套,福建,49.4,49.07,50
BV1MD421T7LB,岛主爱因斯坦,江苏,47.65,49.07,45
BV1MD421T7LB,QUATERNIJKON,北京,49.4,49.07,50
BV1MD421T7LB,虚無空界,海南,49.4,49.07,50
BV1MD421T7LB,鼠鼠sense,广西,49.4,49.07,50
BV1MD421T7LB,王安石迪斯科,陕西,49.4,49.07,50
BV1MD421T7LB,骑猫打狗,河北,49.4,49.07,50
BV1Pg4y1X7Pa,luxury1999,重庆,46.52,44.65,50
BV1Pg4y1X7Pa,太阳风的轻语,湖北,46.52,44.65,50
BV1Pg4y1X7Pa,GPT中英字幕课程资源,江苏,53.52,44.65,70
BV1Pg4y1X7Pa,GPT中英字幕课程资源,江苏,53.52,44.65,70
BV1Pg4y1X7Pa,GPT中英字幕课程资源,江苏,50.02,44.65,60
BV1Pg4y1X7Pa,SereinSos,广东,46.52,44.65,50
BV1Pg4y1X7Pa,GPT中英字幕课程资源,江苏,53.52,44.65,70
BV1Pg4y1X7Pa,coderfc,江苏,46.52,44.65,50
BV1Pg4y1X7Pa,sTrum-mer,北京,46.52,44.65,50
BV1Pg4y1X7Pa,小龟子666,黑龙江,46.52,44.65,50
BV1Pg4y1X7Pa,GPT中英字幕课程资源,江苏,53.52,44.65,70
BV1Pg4y1X7Pa,游荡的码农,广东,46.52,44.65,50
BV1Pg4y1X7Pa,征途777,河北,46.52,44.65,50
BV1Pg4y1X7Pa,oswin1043,福建,46.52,44.65,50
BV1Pg4y1X7Pa,江城校园记者,北京,46.52,44.65,50
BV1Pg4y1X7Pa,TinySamurai,福建,46.52,44.65,50
BV1Pg4y1X7Pa,非典型教师R0,安徽,46.52,44.65,50
BV1Pg4y1X7Pa,馬孔多在下大雨,浙江,46.52,44.65,50
BV1Pg4y1X7Pa,账号已注销,四川,46.52,44.65,50
BV1Pg4y1X7Pa,麦門冬から湯,河南,46.52,44.65,50
BV1Pg4y1X7Pa,通灵小蛊,北京,46.52,44.65,50
BV1Pg4y1X7Pa,土喆,重庆,50.02,44.65,60
BV1Pg4y1X7Pa,fir229,上海,46.52,44.65,50
BV1Pg4y1X7Pa,捡到恐龙蛋的Mr_Francis,河北,46.52,44.65,50
BV1Pg4y1X7Pa,Lang君子,广东,46.52,44.65,50
BV1Pg4y1X7Pa,弈轩9,北京,46.52,44.65,50
BV1Pg4y1X7Pa,reset明天,内蒙古,46.52,44.65,50
BV1Pg4y1X7Pa,这就退学,安徽,46.52,44.65,50
BV1Pg4y1X7Pa,账号已注销,四川,46.52,44.65,50
BV1Pg4y1X7Pa,安神豆腐花儿丶,浙江,46.52,44.65,50
BV1Pg4y1X7Pa,Vanderbillt,广东,46.52,44.65,50
BV1Pg4y1X7Pa,黑天鹅栖木,广东,46.52,44.65,50
BV1Pg4y1X7Pa,yelwfh,上海,46.52,44.65,50
BV1Pg4y1X7Pa,kajibu,四川,46.52,44.65,50
BV1Pg4y1X7Pa,AdhityaGopal,陕西,46.52,44.65,50
BV1Pg4y1X7Pa,KTFR,江苏,46.52,44.65,50
BV1Pg4y1X7Pa,zglsy,广东,46.52,44.65,50
BV1Pg4y1X7Pa,大大大大夕夕,新疆,46.52,44.65,50
BV1Pg4y1X7Pa,徐总永远支持您,四川,46.52,44.65,50
BV1Pg4y1X7Pa,小小大的恶魔,天津,46.52,44.65,50
BV1Pg4y1X7Pa,Afan_z,天津,46.52,44.65,50
BV1Pg4y1X7Pa,戒八豬,北京,46.52,44.65,50
BV1Pg4y1X7Pa,-Go-go-GO出发咯-,湖北,46.52,44.65,50
BV1Pg4y1X7Pa,医学早知道,浙江,46.52,44.65,50
BV1Pg4y1X7Pa,GLORYMU7,广东,46.52,44.65,50
BV1Pg4y1X7Pa,xuaoduan1991,北京,46.52,44.65,50
BV1Pg4y1X7Pa,普狼克,安徽,46.52,44.65,50
BV1Pg4y1X7Pa,真的只有一个,安徽,46.52,44.65,50
BV1atCRYsE7x,4y542w,广东,54.63,57.12,50
BV1atCRYsE7x,白薇在云婉_,山东,54.63,57.12,50
BV1atCRYsE7x,小哇5000,浙江,54.63,57.12,50
BV1atCRYsE7x,冷_鱼,上海,54.63,57.12,50
BV1atCRYsE7x,霓虹恶魔Z,北京,54.63,57.12,50
BV1atCRYsE7x,银河上的犀牛,江西,54.63,57.12,50
BV1atCRYsE7x,九州牧雪,江苏,54.63,57.12,50
BV1atCRYsE7x,Rc_羽忆,江苏,54.63,57.12,50
BV1atCRYsE7x,决心一到,中国香港,54.63,57.12,50
BV1atCRYsE7x,WhaleColony,青海,58.13,57.12,60
BV1atCRYsE7x,一只暴力小火猴儿,四川,54.63,57.12,50
BV1atCRYsE7x,BravoBon,广东,54.63,57.12,50
BV1atCRYsE7x,亜理须,浙江,54.63,57.12,50
BV1atCRYsE7x,小萌哥注册啦,北京,54.63,57.12,50
BV1atCRYsE7x,白清清清啾,吉林,61.63,57.12,70
BV1atCRYsE7x,你你洪哥,北京,54.63,57.12,50
BV1atCRYsE7x,理棽自修室,山东,61.63,57.12,70
BV1atCRYsE7x,最漂亮子,北京,58.13,57.12,60
BV1atCRYsE7x,星尘小幻,河北,58.13,57.12,60
BV1atCRYsE7x,孙迅速,江苏,54.63,57.12,50
BV1atCRYsE7x,我正苍翠,北京,58.13,57.12,60
BV1atCRYsE7x,-骑白马的酷毙少侠-,山东,68.63,57.12,90
BV1atCRYsE7x,幸爷6668,贵州,58.13,57.12,60
BV1atCRYsE7x,这年头取名字so难,广东,54.63,57.12,50
BV1atCRYsE7x,NOFACE不是大触,中国台湾,61.63,57.12,70
BV1atCRYsE7x,热爱人民的小小读书郎,北京,72.13,57.12,100
BV1atCRYsE7x,weifu_chow,广东,61.63,57.12,70
BV1atCRYsE7x,离原忧穷年,湖南,54.63,57.12,50
BV1atCRYsE7x,甜樱Amai,上海,54.63,57.12,50
BV1atCRYsE7x,你闪现留着回家,河南,58.13,57.12,60
BV1atCRYsE7x,artanys,上海,54.63,57.12,50
BV1atCRYsE7x,慕月_璃,上海,54.63,57.12,50
BV1atCRYsE7x,你鳖臑,湖北,58.13,57.12,60
BV1atCRYsE7x,智齿少女志摩凛,山东,54.63,57.12,50
BV1atCRYsE7x,AI视频小助理,上海,72.13,57.12,100
BV1atCRYsE7x,起不出来名字的屑,江苏,58.13,57.12,60
BV1atCRYsE7x,Shannon42,浙江,54.63,57.12,50
BV1atCRYsE7x,-流--木-,广东,54.63,57.12,50
BV1atCRYsE7x,唯爱柳子,上海,54.63,57.12,50
BV1atCRYsE7x,账号已注销,广东,54.63,57.12,50
BV1atCRYsE7x,致墒,湖北,54.63,57.12,50
BV1atCRYsE7x,浅念风音,广东,65.13,57.12,80
BV1atCRYsE7x,枫歌珏、,重庆,54.63,57.12,50
BV1atCRYsE7x,地雷妹小金,山西,54.63,57.12,50
BV1atCRYsE7x,变价硫离子,广东,54.63,57.12,50
BV1uNk1YxEJQ,种颗牙齿来啃瓜,湖南,70.34,78.6,55
BV1uNk1YxEJQ,xX_Geonomy_Xx,广东,72.09,78.6,60
BV1uNk1YxEJQ,原来是勒勒呀,广东,68.59,78.6,50
BV1uNk1YxEJQ,请不要拉稀摆带,贵州,68.59,78.6,50
BV1uNk1YxEJQ,东海龙王193287,四川,72.09,78.6,60
BV1uNk1YxEJQ,奶酪moonlight,北京,72.09,78.6,60
BV1uNk1YxEJQ,fistingandgiveup,湖北,75.59,78.6,70
BV1uNk1YxEJQ,三秒钟记忆里的你,北京,72.09,78.6,60
BV1uNk1YxEJQ,大模型官方课程,湖南,68.59,78.6,50
BV1uNk1YxEJQ,鱼与飞鸟和驴,河南,68.59,78.6,50
BV1uNk1YxEJQ,鲜嫩多汁的小菊花,上海,68.59,78.6,50
BV1uNk1YxEJQ,布拉格小母鸡69,广东,68.59,78.6,50
BV1uNk1YxEJQ,小蓝2,山东,68.59,78.6,50
BV1uNk1YxEJQ,一堆虎,浙江,75.59,78.6,70
BV1uNk1YxEJQ,大模型官方课程,湖南,68.59,78.6,50
BV1uNk1YxEJQ,大模型官方课程,湖南,68.59,78.6,50
BV1uNk1YxEJQ,spongeWAWA,广东,68.59,78.6,50
BV1uNk1YxEJQ,大模型官方课程,湖南,68.59,78.6,50
BV1uNk1YxEJQ,智琪米米,广东,68.59,78.6,50
BV1uNk1YxEJQ,知幻N,重庆,66.84,78.6,45
BV1uNk1YxEJQ,脸像一个大茄子,辽宁,68.59,78.6,50
BV1uNk1YxEJQ,zccxqzzcx,上海,68.59,78.6,50
BV1uNk1YxEJQ,hadiBili,广东,68.59,78.6,50
BV1uNk1YxEJQ,淋雨的记者,江苏,75.59,78.6,70
BV1uNk1YxEJQ,不能说的secret01,上海,68.59,78.6,50
BV1uNk1YxEJQ,一片蓝天大海,安徽,68.59,78.6,50
BV1uNk1YxEJQ,07txia18,广东,68.59,78.6,50
BV1uNk1YxEJQ,小缨亦酱,河北,68.59,78.6,50
BV1uNk1YxEJQ,他叫华晨宇-,北京,68.59,78.6,50
BV1uNk1YxEJQ,小黄小黄-,辽宁,68.59,78.6,50
BV1uNk1YxEJQ,大Sayolar,北京,68.59,78.6,50
BV1uNk1YxEJQ,EGLAnAn,浙江,68.59,78.6,50
BV1uNk1YxEJQ,HfeiHUI,广东,68.59,78.6,50
BV1uNk1YxEJQ,谦谦熊猫,吉林,68.59,78.6,50
BV1uNk1YxEJQ,雍千雅,陕西,68.59,78.6,50
BV1uNk1YxEJQ,liontianhao,山西,68.59,78.6,50
BV1uNk1YxEJQ,达菲不是猫,四川,68.59,78.6,50
BV1uNk1YxEJQ,兔兔是涂银,海南,68.59,78.6,50
BV1uNk1YxEJQ,琦罡明风,天津,68.59,78.6,50
BV1uNk1YxEJQ,流浪无心,江苏,68.59,78.6,50
BV1uNk1YxEJQ,吴铭2022,浙江,68.59,78.6,50
BV1uNk1YxEJQ,柚子柚子柚子子1234567,上海,68.59,78.6,50
BV1uNk1YxEJQ,刘阿斯凯奇,辽宁,68.59,78.6,50
BV1uNk1YxEJQ,bili_23041257090,辽宁,68.59,78.6,50
BV1uNk1YxEJQ,疯狂的jack,天津,68.59,78.6,50
BV1uNk1YxEJQ,大模型官方课程,湖南,75.59,78.6,70
BV1uNk1YxEJQ,房东的羊_,广东,68.59,78.6,50
BV1uNk1YxEJQ,你多食油饼,湖南,68.59,78.6,50
BV1uNk1YxEJQ,诺爷2013,浙江,68.59,78.6,50
BV1uNk1YxEJQ,你说啥名字好啊,湖南,68.59,78.6,50
BV1yC4y127uj,账号已注销,广东,58.31,62.79,50
BV1yC4y127uj,光形,浙江,58.31,62.79,50
BV1yC4y127uj,GPT中英字幕课程资源,江苏,61.81,62.79,60
BV1yC4y127uj,DW8282882,四川,58.31,62.79,50
BV1yC4y127uj,Johnjincaaa,广西,60.06,62.79,55
BV1yC4y127uj,酔っ払って密かにハグ,北京,58.31,62.79,50
BV1yC4y127uj,戈戈巫啦啦,广东,58.31,62.79,50
BV1yC4y127uj,AI总结视频,江苏,72.31,62.79,90
BV1yC4y127uj,追番机,广西,58.31,62.79,50
BV1yC4y127uj,重复才是王道,上海,58.31,62.79,50
BV1yC4y127uj,GPT中英字幕课程资源,湖南,58.31,62.79,50
BV1yC4y127uj,elf00213,中国台湾,61.81,62.79,60
BV1yC4y127uj,橘子2048,江苏,75.81,62.79,100
BV1yC4y127uj,小石头的芯语芯愿,上海,61.81,62.79,60
BV1yC4y127uj,GPT中英字幕课程资源,江苏,58.31,62.79,50
BV1yC4y127uj,GPT中英字幕课程资源,江苏,61.81,62.79,60
BV1yC4y127uj,林椰壳,上海,58.31,62.79,50
BV1yC4y127uj,小石头的芯语芯愿,上海,58.31,62.79,50
BV1yC4y127uj,GPT中英字幕课程资源,江苏,61.81,62.79,60
BV1yC4y127uj,Mr_answer,四川,61.81,62.79,60
BV1yC4y127uj,____-hello-____,浙江,61.81,62.79,60
BV1yC4y127uj,生研博苑,浙江,61.81,62.79,60
BV1yC4y127uj,夏色_,福建,58.31,62.79,50
BV1yC4y127uj,努力养生的香芋派,江苏,58.31,62.79,50
BV1yC4y127uj,苹果小用户,江苏,58.31,62.79,50
BV1yC4y127uj,海豚世界123,河南,65.31,62.79,70
BV1yC4y127uj,食葫芦的葫芦娃,广东,58.31,62.79,50
BV1yC4y127uj,卷发小狮子,河南,65.31,62.79,70
BV1yC4y127uj,你的声音辣椒,浙江,58.31,62.79,50
BV1yC4y127uj,戈戈巫啦啦,广东,65.31,62.79,70
BV1yC4y127uj,炼丹侠,北京,61.81,62.79,60
BV1yC4y127uj,凉面怎样会好吃,浙江,58.31,62.79,50
BV1yC4y127uj,萤火照夜归,江苏,58.31,62.79,50
BV1yC4y127uj,Echoes_o,浙江,61.81,62.79,60
BV1yC4y127uj,小树藤呦吼吼,广东,58.31,62.79,50
BV1yC4y127uj,ballclone,浙江,61.81,62.79,60
BV1yC4y127uj,俩根冰棒,广东,61.81,62.79,60
BV1yC4y127uj,Newmanfor50day,安徽,58.31,62.79,50
BV1yC4y127uj,开心rich,河南,58.31,62.79,50
BV1yC4y127uj,木有昵称12345678,广东,58.31,62.79,50
BV1yC4y127uj,blackswanbilibili,上海,58.31,62.79,50
BV1yC4y127uj,黑格尔的渡船,贵州,58.31,62.79,50
BV1yC4y127uj,lilairuci,河南,58.31,62.79,50
BV1yC4y127uj,molly1013,北京,58.31,62.79,50
BV1yC4y127uj,韩新一,广东,58.31,62.79,50
BV1yC4y127uj,GPT中英字幕课程资源,江苏,61.81,62.79,60
BV1dM411U7qK,南宫羊羊羊三端脚本,安徽,57.34,61.29,50
BV1dM411U7qK,不会点穴的周伯通,重庆,60.84,61.29,60
BV1dM411U7qK,AI课代表呀,广东,71.34,61.29,90
BV1dM411U7qK,TiGer_川,湖南,57.34,61.29,50
BV1dM411U7qK,我哈什么,河南,60.84,61.29,60
BV1dM411U7qK,太阳之息,山东,57.34,61.29,50
BV1dM411U7qK,Nicky4Ye,广东,57.34,61.29,50
BV1dM411U7qK,爱笑的滑稽先生,广西,60.84,61.29,60
BV1dM411U7qK,Yoimiyaaaaaaaaaa,上海,57.34,61.29,50
BV1dM411U7qK,原来的我晓得,湖北,57.34,61.29,50
BV1dM411U7qK,vlog历史,江西,57.34,61.29,50
BV1dM411U7qK,_15898000769,山东,57.34,61.29,50
BV1dM411U7qK,-Vanadis-,安徽,57.34,61.29,50
BV1dM411U7qK,inferior魔法师,北京,57.34,61.29,50
BV1dM411U7qK,猫死谁手,陕西,57.34,61.29,50
BV1dM411U7qK,vlog历史,江西,55.59,61.29,45
BV1dM411U7qK,Maryland121,北京,57.34,61.29,50
BV1dM411U7qK,jgfdtj,河南,57.34,61.29,50
BV1dM411U7qK,Phsconari,吉林,57.34,61.29,50
BV1dM411U7qK,vlog历史,江西,57.34,61.29,50
BV1dM411U7qK,K-E-N,广东,57.34,61.29,50
BV1dM411U7qK,bili_4624370,山东,60.84,61.29,60
BV1dM411U7qK,蓝莓酱超可爱ovo,上海,57.34,61.29,50
BV1dM411U7qK,Robo008,广东,57.34,61.29,50
BV1dM411U7qK,嘟嘟测测肥拳,广东,57.34,61.29,50
BV1dM411U7qK,国服火舞蜗牛,上海,57.34,61.29,50
BV1dM411U7qK,月沐琉璃海,北京,57.34,61.29,50
BV1dM411U7qK,尘海彼方,湖南,57.34,61.29,50
BV1dM411U7qK,Yoimiyaaaaaaaaaa,上海,57.34,61.29,50
BV1dM411U7qK,雒城机密,湖南,57.34,61.29,50
BV1dM411U7qK,vlog历史,江西,60.84,61.29,60
BV1dM411U7qK,追风少年9026,贵州,57.34,61.29,50
BV1dM411U7qK,冰雹不能吃,广西,57.34,61.29,50
BV1dM411U7qK,鸡老板厨房,浙江,57.34,61.29,50
BV1dM411U7qK,不会点穴的周伯通,重庆,57.34,61.29,50
BV1dM411U7qK,bLanKo_0,江西,57.34,61.29,50
BV1dM411U7qK,唐努图瓦一世,江苏,57.34,61.29,50
BV1dM411U7qK,lililixing_770,辽宁,57.34,61.29,50
BV1dM411U7qK,于德鲁谦巴纳,天津,60.84,61.29,60
BV1dM411U7qK,bili_512997316,北京,57.34,61.29,50
BV1dM411U7qK,别叶卡松,福建,57.34,61.29,50
BV1dM411U7qK,小松鼠爱游泳,北京,64.34,61.29,70
BV1QK41zFETe,mX1a0,云南,60.91,66.78,50
BV1QK41zFETe,NN的日落,福建,60.91,66.78,50
BV1QK41zFETe,小批粑,重庆,60.91,66.78,50
BV1QK41zFETe,小凡不凡唔,重庆,60.91,66.78,50
BV1QK41zFETe,你又在写BUG呢,湖南,60.91,66.78,50
BV1QK41zFETe,游戏太玉小桃,四川,60.91,66.78,50
BV1QK41zFETe,Stein-Yanaa,浙江,60.91,66.78,50
BV1QK41zFETe,灯下写作业,重庆,60.91,66.78,50
BV1QK41zFETe,弔人有毒,河南,60.91,66.78,50
BV1QK41zFETe,bili_93255288508,广西,60.91,66.78,50
BV1QK41zFETe,cc00ccc00cc,浙江,60.91,66.78,50
BV1QK41zFETe,频频的笑,山东,60.91,66.78,50
BV1QK41zFETe,36344883187_bili,北京,60.91,66.78,50
BV1QK41zFETe,岩岫邪,重庆,60.91,66.78,50
BV1QK41zFETe,舟舟芮,浙江,60.91,66.78,50
BV1QK41zFETe,34018758396_bili,江苏,60.91,66.78,50
BV1QK41zFETe,bili_58666569029,云南,60.91,66.78,50
BV1QK41zFETe,lovu莘逸,上海,60.91,66.78,50
BV1QK41zFETe,鲸歌111,黑龙江,60.91,66.78,50
BV1QK41zFETe,正常的不得了的hmk,浙江,60.91,66.78,50
BV1QK41zFETe,历史脐带,江西,60.91,66.78,50
BV1QK41zFETe,雪落青衫ciyo,广东,60.91,66.78,50
BV1QK41zFETe,KFC之王陶吉吉,上海,60.91,66.78,50
BV1QK41zFETe,烈焰-拔刀,四川,60.91,66.78,50
BV1QK41zFETe,你好惠哦,江苏,60.91,66.78,50
BV1QK41zFETe,滴滴哒哒哒bzqq,云南,60.91,66.78,50
BV1QK41zFETe,网际游侠者,陕西,60.91,66.78,50
BV1QK41zFETe,不要给我哭了,北京,60.91,66.78,50
BV1QK41zFETe,认真且专注的神,河北,60.91,66.78,50
BV1QK41zFETe,自由之国,陕西,60.91,66.78,50
BV1QK41zFETe,_马夫_,广西,60.91,66.78,50
BV1QK41zFETe,bili_53568322907,河南,60.91,66.78,50
BV1QK41zFETe,Winda沐橙,内蒙古,60.91,66.78,50
BV1QK41zFETe,truncatedVerse,山东,60.91,66.78,50
BV1QK41zFETe,li葵花,新疆,60.91,66.78,50
BV1QK41zFETe,鱼书隐,广东,60.91,66.78,50
BV1QK41zFETe,性感的扫帚,陕西,60.91,66.78,50
BV1QK41zFETe,氢二氧的三阶导,山东,60.91,66.78,50
BV1QK41zFETe,-懶啊,广东,60.91,66.78,50
BV1QK41zFETe,人生不需要彩排,广西,60.91,66.78,50
BV1QK41zFETe,炭酱加油,福建,60.91,66.78,50
BV1QK41zFETe,tablechair77,江苏,60.91,66.78,50
BV1QK41zFETe,-_Harvey_-,北京,60.91,66.78,50
BV1QK41zFETe,旋风牛人,海南,60.91,66.78,50
BV1QK41zFETe,noble109,河南,60.91,66.78,50
BV1QK41zFETe,M4是小公主,山东,60.91,66.78,50
BV1QK41zFETe,墨铖001,安徽,60.91,66.78,50
BV1QK41zFETe,宇宙第二总攻,湖南,60.91,66.78,50
BV1QK41zFETe,非常老王八,新疆,60.91,66.78,50
BV1QK41zFETe,闪光つむぎ,北京,64.41,66.78,60
BV1fj6vBfEnu,wzgy,浙江,58.93,63.74,50
BV1fj6vBfEnu,风丶Amour,上海,58.93,63.74,50
BV1fj6vBfEnu,XKQllll,江苏,58.93,63.74,50
BV1fj6vBfEnu,华盛顿end,四川,58.93,63.74,50
BV1fj6vBfEnu,码界鸠摩智,福建,58.93,63.74,50
BV1fj6vBfEnu,一只猫momo,广西,58.93,63.74,50
BV1fj6vBfEnu,sand-lxn,陕西,58.93,63.74,50
BV1fj6vBfEnu,我能看见你哦,四川,58.93,63.74,50
BV1fj6vBfEnu,不会开船的包子,河南,58.93,63.74,50
BV1fj6vBfEnu,upzhang,福建,58.93,63.74,50
BV1fj6vBfEnu,D24-8,北京,58.93,63.74,50
BV1fj6vBfEnu,moer_study,天津,65.93,63.74,70
BV1fj6vBfEnu,哔哩大模型学院,安徽,58.93,63.74,50
BV1fj6vBfEnu,条野太郎x,广东,58.93,63.74,50
BV1fj6vBfEnu,讲AI的薯条学姐,安徽,58.93,63.74,50
BV1fj6vBfEnu,whealther,湖南,58.93,63.74,50
BV1fj6vBfEnu,jackiewang3221,山西,58.93,63.74,50
BV1fj6vBfEnu,神盾局0号,江苏,58.93,63.74,50
BV1fj6vBfEnu,晓兔,重庆,57.18,63.74,45
BV1fj6vBfEnu,catkeeper1,广东,57.18,63.74,45
BV1fj6vBfEnu,silalong,云南,58.93,63.74,50
BV1fj6vBfEnu,名字又被起了啊,广东,58.93,63.74,50
BV1fj6vBfEnu,铁马金戈麦斯,浙江,58.93,63.74,50
BV1fj6vBfEnu,噗子缇,四川,58.93,63.74,50
BV1fj6vBfEnu,苍狼-嗷嗷叫,广东,62.43,63.74,60
BV1fj6vBfEnu,whindson,福建,62.43,63.74,60
BV1fj6vBfEnu,whindson,福建,60.68,63.74,55
BV1fj6vBfEnu,咯噔先森Goldman,宁夏,58.93,63.74,50
BV1fj6vBfEnu,夜---枭,宁夏,58.93,63.74,50
BV1fj6vBfEnu,婶没装好吗,山西,58.93,63.74,50
BV1fj6vBfEnu,榴莲Studio,河南,58.93,63.74,50
BV1fj6vBfEnu,越来越胖的小海豹,山东,69.43,63.74,80
BV1fj6vBfEnu,西风不动剑,四川,58.93,63.74,50
BV1fj6vBfEnu,巡林员木头,浙江,58.93,63.74,50
BV1fj6vBfEnu,Dijkstra-1956,安徽,58.93,63.74,50
BV1fj6vBfEnu,黑白红橙黄绿蓝,北京,58.93,63.74,50
BV1fj6vBfEnu,smilezhulin,广东,60.68,63.74,55
BV1fj6vBfEnu,山洞哥布林大王,浙江,58.93,63.74,50
BV1fj6vBfEnu,哪壶不开提哪壶呢,河南,58.93,63.74,50
BV1fj6vBfEnu,黑白红橙黄绿蓝,北京,58.93,63.74,50
BV1fj6vBfEnu,呼呼的B站昵称,北京,58.93,63.74,50
BV1fj6vBfEnu,梁老斯,上海,58.93,63.74,50
BV1fj6vBfEnu,Blossomance,北京,58.93,63.74,50
BV1fj6vBfEnu,超心酸的小学生,海南,58.93,63.74,50
BV1fj6vBfEnu,云或海,陕西,58.93,63.74,50
BV1fj6vBfEnu,虾人瞎梦,山东,58.93,63.74,50
BV1fj6vBfEnu,HYLXKD,广东,58.93,63.74,50
BV1fj6vBfEnu,Ruoning88,北京,62.43,63.74,60
BV1fj6vBfEnu,玖哇哇01,广西,58.93,63.74,50
BV1qZSLBYEpa,萤火之森生,广东,61.39,62.14,60
BV1qZSLBYEpa,IT界扛霸子,湖南,71.89,62.14,90
BV1qZSLBYEpa,bili_20872560856,湖北,57.89,62.14,50
BV1qZSLBYEpa,带宇治金时,上海,57.89,62.14,50
BV1qZSLBYEpa,半疯瓶子,江苏,57.89,62.14,50
BV1qZSLBYEpa,内心充满爱的垚垚,天津,57.89,62.14,50
BV1qZSLBYEpa,ichoooool,安徽,57.89,62.14,50
BV1qZSLBYEpa,遗情处,河南,57.89,62.14,50
BV1qZSLBYEpa,活着啊123,北京,57.89,62.14,50
BV1qZSLBYEpa,bili_52582336316,安徽,57.89,62.14,50
BV1qZSLBYEpa,bili_21654391026,广东,57.89,62.14,50
BV1qZSLBYEpa,大聪明dsna,河南,57.89,62.14,50
BV1qZSLBYEpa,弓长_____正文,江苏,57.89,62.14,50
BV1qZSLBYEpa,_-_-_--_-_-_gdug,山东,57.89,62.14,50
BV1qZSLBYEpa,心丶静空,海南,57.89,62.14,50
BV1qZSLBYEpa,孤沙冷河,山东,57.89,62.14,50
BV1qZSLBYEpa,leocnis,北京,57.89,62.14,50
BV1qZSLBYEpa,Jack820312,上海,57.89,62.14,50
BV1qZSLBYEpa,我靠取个名真费劲,海南,57.89,62.14,50
BV1qZSLBYEpa,不干活di小哈比,山东,57.89,62.14,50
BV1qZSLBYEpa,华帝就是华帝,浙江,57.89,62.14,50
BV1qZSLBYEpa,RavenWu66,北京,57.89,62.14,50
BV1qZSLBYEpa,sssneverabandon,广东,57.89,62.14,50
BV1qZSLBYEpa,怒放1314,湖北,57.89,62.14,50
BV1qZSLBYEpa,LuoyangLongmen,河南,57.89,62.14,50
BV1qZSLBYEpa,小红-薯,辽宁,57.89,62.14,50
BV1qZSLBYEpa,我爱淑友,江苏,57.89,62.14,50
BV1qZSLBYEpa,_AJ_,海南,57.89,62.14,50
BV1qZSLBYEpa,一大意x,上海,57.89,62.14,50
BV1qZSLBYEpa,luck张得帅,安徽,57.89,62.14,50
BV1qZSLBYEpa,bibibichuli,上海,57.89,62.14,50
BV1qZSLBYEpa,Ciao丿あ,北京,57.89,62.14,50
BV1qZSLBYEpa,A影子110,浙江,57.89,62.14,50
BV1qZSLBYEpa,顺堡,浙江,57.89,62.14,50
BV1qZSLBYEpa,佛系草木兰,广东,57.89,62.14,50
BV1qZSLBYEpa,Thunks大魔王,北京,57.89,62.14,50
BV1qZSLBYEpa,晴日的凉风,陕西,57.89,62.14,50
BV1qZSLBYEpa,余yuFFyu,安徽,57.89,62.14,50
BV1qZSLBYEpa,wearilybird,上海,57.89,62.14,50
BV1qZSLBYEpa,玍傩,河北,57.89,62.14,50
BV1qZSLBYEpa,立靑在,湖北,57.89,62.14,50
BV1qZSLBYEpa,河瓶不是和平,广西,57.89,62.14,50
BV1qZSLBYEpa,阿斯科利托尔耶夫,广东,57.89,62.14,50
BV1qZSLBYEpa,哈嘎拉哈,陕西,57.89,62.14,50
BV1qZSLBYEpa,Seasyzz,浙江,57.89,62.14,50
BV1qZSLBYEpa,鲁玛卡巴,西藏,57.89,62.14,50
BV1qZSLBYEpa,豪气冲天27,江苏,57.89,62.14,50
BV1qZSLBYEpa,李师师的梦幻,广东,57.89,62.14,50
BV1qZSLBYEpa,小布燕云,四川,57.89,62.14,50
BV1qZSLBYEpa,菲利克斯张主任,上海,57.89,62.14,50
BV1aaFSzyEDW,吴恩达langchain,湖南,62.78,58.89,70
BV1aaFSzyEDW,你的我的我们的-,湖北,55.78,58.89,50
BV1aaFSzyEDW,有氧rua,上海,55.78,58.89,50
BV1aaFSzyEDW,控准,河南,55.78,58.89,50
BV1aaFSzyEDW,潭谭谈,陕西,55.78,58.89,50
BV1aaFSzyEDW,eueuhrejhf,山西,55.78,58.89,50
BV1aaFSzyEDW,shit坨坨,北京,55.78,58.89,50
BV1aaFSzyEDW,吴恩达langchain,湖南,66.28,58.89,80
BV1aaFSzyEDW,湛蓝的泪,河南,66.28,58.89,80
BV1aaFSzyEDW,雨落满地,山东,55.78,58.89,50
BV1aaFSzyEDW,无为则无不为老子,云南,55.78,58.89,50
BV1aaFSzyEDW,NL-ONE-HGS,安徽,55.78,58.89,50
BV1aaFSzyEDW,robbin517,广东,55.78,58.89,50
BV1aaFSzyEDW,飘絮逍遥,河北,55.78,58.89,50
BV1aaFSzyEDW,唱歌的越人,中国香港,55.78,58.89,50
BV1aaFSzyEDW,依然折颜呵,山东,55.78,58.89,50
BV1aaFSzyEDW,静态路由啊,山东,55.78,58.89,50
BV1aaFSzyEDW,南淮月色,北京,55.78,58.89,50
BV1aaFSzyEDW,longzihushanji,安徽,55.78,58.89,50
BV1aaFSzyEDW,帅墨白,湖南,55.78,58.89,50
BV1aaFSzyEDW,帅帅的小呆呆,北京,55.78,58.89,50
BV1aaFSzyEDW,五小妖妖,辽宁,55.78,58.89,50
BV1aaFSzyEDW,超级无敌可爱阿翎,广东,55.78,58.89,50
BV1aaFSzyEDW,绽放126,山东,55.78,58.89,50
BV1aaFSzyEDW,三斤散尽,陕西,55.78,58.89,50
BV1aaFSzyEDW,_小馋猫烤肉拌饭,青海,55.78,58.89,50
BV1aaFSzyEDW,D点,中国香港,55.78,58.89,50
BV1aaFSzyEDW,wzh12138ffff,安徽,55.78,58.89,50
BV1aaFSzyEDW,小桃祺,江苏,55.78,58.89,50
BV1aaFSzyEDW,森林赞美诗,北京,55.78,58.89,50
BV1aaFSzyEDW,fbbqt,北京,55.78,58.89,50
BV1aaFSzyEDW,olcal_goods,陕西,55.78,58.89,50
BV1aaFSzyEDW,六尾智生,浙江,55.78,58.89,50
BV1aaFSzyEDW,清湘碧雨,四川,55.78,58.89,50
BV1aaFSzyEDW,惠惠的爱人,广东,55.78,58.89,50
BV1aaFSzyEDW,园，离,江西,55.78,58.89,50
BV1aaFSzyEDW,哈基糖ba1tang,吉林,55.78,58.89,50
BV1aaFSzyEDW,不看评论区rz,北京,55.78,58.89,50
BV1aaFSzyEDW,哇牛奶,四川,55.78,58.89,50
BV1aaFSzyEDW,bjbus_817,北京,55.78,58.89,50
BV1aaFSzyEDW,北海桑木,浙江,55.78,58.89,50
BV1aaFSzyEDW,amneellp,湖南,55.78,58.89,50
BV1aaFSzyEDW,q诚意,广东,55.78,58.89,50
BV1aaFSzyEDW,glh-GLH,上海,55.78,58.89,50
BV1aaFSzyEDW,huhupangu,湖北,55.78,58.89,50
BV1aaFSzyEDW,不如睡个觉,重庆,55.78,58.89,50
BV1aaFSzyEDW,小陈是学生,广西,55.78,58.89,50
BV1aaFSzyEDW,有月球的北极村,浙江,55.78,58.89,50
BV1aaFSzyEDW,95848277809_bili,福建,55.78,58.89,50
BV1aaFSzyEDW,自律政佳人,辽宁,55.78,58.89,50
BV1x8zvYmE7G,鹿萌萌与lu,辽宁,65.02,67.73,60
BV1x8zvYmE7G,诺尔先知,广东,61.52,67.73,50
BV1x8zvYmE7G,即梦AI视频制作教程-,湖南,61.52,67.73,50
BV1x8zvYmE7G,䥲の,广东,61.52,67.73,50
BV1x8zvYmE7G,不要烦我_看心情,贵州,61.52,67.73,50
BV1x8zvYmE7G,柠檬果实一家人,河北,65.02,67.73,60
BV1x8zvYmE7G,我就是追剧狂人,北京,61.52,67.73,50
BV1x8zvYmE7G,又双叒叕得飞,河南,61.52,67.73,50
BV1x8zvYmE7G,我是个胖土豆啊,辽宁,61.52,67.73,50
BV1x8zvYmE7G,XHB_1234,陕西,65.02,67.73,60
BV1x8zvYmE7G,暗之骑士团团长-,新疆,65.02,67.73,60
BV1x8zvYmE7G,电瓶被偷之苦,山东,61.52,67.73,50
BV1x8zvYmE7G,哎吆老伙计,山东,65.02,67.73,60
BV1x8zvYmE7G,希望明天能更好,湖北,61.52,67.73,50
BV1x8zvYmE7G,冇猫饼吧,湖南,63.27,67.73,55
BV1x8zvYmE7G,I耽毒I,天津,61.52,67.73,50
BV1x8zvYmE7G,我是91分,广东,61.52,67.73,50
BV1x8zvYmE7G,锦瑟ac,福建,61.52,67.73,50
BV1x8zvYmE7G,紫竹院盛夏,江苏,61.52,67.73,50
BV1x8zvYmE7G,羊村生产大队,重庆,61.52,67.73,50
BV1x8zvYmE7G,らかさの光,河北,61.52,67.73,50
BV1x8zvYmE7G,一个做泥膜的小罗,贵州,61.52,67.73,50
BV1x8zvYmE7G,Aevyra_月月,陕西,61.52,67.73,50
BV1x8zvYmE7G,工藤洗衣机M,广西,65.02,67.73,60
BV1x8zvYmE7G,戴克Dyker,河南,61.52,67.73,50
BV1x8zvYmE7G,李松河怡-,安徽,61.52,67.73,50
BV1x8zvYmE7G,Z-Y-M-1,河南,61.52,67.73,50
BV1x8zvYmE7G,unclaimedaccount,江苏,61.52,67.73,50
BV1x8zvYmE7G,梨雪琳,上海,61.52,67.73,50
BV1x8zvYmE7G,星晴岚,陕西,61.52,67.73,50
BV1x8zvYmE7G,贾士扬,河北,61.52,67.73,50
BV1x8zvYmE7G,donot-wait,广东,61.52,67.73,50
BV1x8zvYmE7G,孙小瘦123321,江苏,61.52,67.73,50
BV1x8zvYmE7G,不吃油条2,黑龙江,61.52,67.73,50
BV1x8zvYmE7G,きみと恋,青海,61.52,67.73,50
BV1x8zvYmE7G,爆炒皮卡丘灬,辽宁,61.52,67.73,50
BV1x8zvYmE7G,噼里啪啦小布丁,四川,61.52,67.73,50
BV1x8zvYmE7G,橘子酱是柚子,河南,61.52,67.73,50
BV1x8zvYmE7G,唯爱seanfly,北京,61.52,67.73,50
BV1x8zvYmE7G,荨迅,河南,61.52,67.73,50
BV1x8zvYmE7G,橘红并,江西,61.52,67.73,50
BV1x8zvYmE7G,星与书1016,江西,61.52,67.73,50
BV1x8zvYmE7G,ghjfghu,湖南,61.52,67.73,50
BV1x8zvYmE7G,梦之奸商,广东,61.52,67.73,50
BV1x8zvYmE7G,七吟归鹿,河南,61.52,67.73,50
BV1x8zvYmE7G,七夏暖冬,山东,61.52,67.73,50
BV1x8zvYmE7G,暴躁的燃气灶,四川,61.52,67.73,50
BV1x8zvYmE7G,收集美好自由,陕西,61.52,67.73,50
BV1x8zvYmE7G,李-天天,北京,61.52,67.73,50
BV1sHU9BmEne,黑马程序员,北京,65.41,68.33,60
BV1sHU9BmEne,滕小凡,山东,61.91,68.33,50
BV1sHU9BmEne,gcvgr,天津,61.91,68.33,50
BV1sHU9BmEne,幻沫l,山东,61.91,68.33,50
BV1sHU9BmEne,GuAZ1-,河北,61.91,68.33,50
BV1sHU9BmEne,上弦月xfk,上海,61.91,68.33,50
BV1sHU9BmEne,夏日祭的dola宏,海南,61.91,68.33,50
BV1sHU9BmEne,镜-瑜,天津,61.91,68.33,50
BV1sHU9BmEne,绝对竞渡,贵州,61.91,68.33,50
BV1sHU9BmEne,SZH欲往,江苏,61.91,68.33,50
BV1sHU9BmEne,空巷KBvile,北京,61.91,68.33,50
BV1sHU9BmEne,浮云起时_,辽宁,61.91,68.33,50
BV1sHU9BmEne,怪蜀黍桑,江苏,61.91,68.33,50
BV1sHU9BmEne,哇_这里有wifi耶,广东,61.91,68.33,50
BV1sHU9BmEne,Pioneer土,广东,61.91,68.33,50
BV1sHU9BmEne,高冷布神,安徽,61.91,68.33,50
BV1sHU9BmEne,只吃榴莲好吗,广东,61.91,68.33,50
BV1sHU9BmEne,--学无止境---,天津,61.91,68.33,50
BV1sHU9BmEne,只吃榴莲好吗,广东,61.91,68.33,50
BV1sHU9BmEne,Emerson_大熊,广东,61.91,68.33,50
BV1sHU9BmEne,夏日祭的dola宏,海南,61.91,68.33,50
BV1sHU9BmEne,Loganliu123,北京,61.91,68.33,50
BV1sHU9BmEne,最炫民族风hh,广东,61.91,68.33,50
BV1sHU9BmEne,遗失de永恒,广东,61.91,68.33,50
BV1sHU9BmEne,乘舟渡沧海,湖南,61.91,68.33,50
BV1sHU9BmEne,几分欢喜N,北京,61.91,68.33,50
BV1sHU9BmEne,枫落柳谢,湖南,61.91,68.33,50
BV1sHU9BmEne,零点十分v110,福建,61.91,68.33,50
BV1sHU9BmEne,DaHu很想认真摸鱼qwq,江苏,61.91,68.33,50
BV1sHU9BmEne,7773497,辽宁,61.91,68.33,50
BV1sHU9BmEne,金丝柳换星摇,山东,61.91,68.33,50
BV1sHU9BmEne,怎奈余念难安,河北,61.91,68.33,50
BV1sHU9BmEne,冬夜雪村,广东,61.91,68.33,50
BV1sHU9BmEne,吴思畅,广东,61.91,68.33,50
BV1sHU9BmEne,米兰达达625,上海,61.91,68.33,50
BV1sHU9BmEne,B麟B0,江西,61.91,68.33,50
BV1sHU9BmEne,稻香美美哒,陕西,65.41,68.33,60
BV1sHU9BmEne,hdkndjskf,福建,61.91,68.33,50
BV1sHU9BmEne,kung-fu熊猫,湖南,61.91,68.33,50
BV1sHU9BmEne,贫困使我浪迹网盘,河南,61.91,68.33,50
BV1sHU9BmEne,东坡熊猫,上海,61.91,68.33,50
BV1sHU9BmEne,哈jim咪,广东,61.91,68.33,50
BV1sHU9BmEne,小陈窃卡,天津,61.91,68.33,50
BV1sHU9BmEne,怎一个V丶,湖南,61.91,68.33,50
BV1sHU9BmEne,_龍傲天_,贵州,61.91,68.33,50
BV1sHU9BmEne,爱吃西瓜肉-,湖南,61.91,68.33,50
BV1sHU9BmEne,大李子olo,贵州,61.91,68.33,50
BV1sHU9BmEne,Reacher㔿,北京,61.91,68.33,50
BV18M4y1x7FC,耐心资本减持公告,北京,64.48,74.97,45
BV18M4y1x7FC,不吃酥怎么能行,广东,66.23,74.97,50
BV18M4y1x7FC,子小宝井马,上海,66.23,74.97,50
BV18M4y1x7FC,青夏离离,北京,66.23,74.97,50
BV18M4y1x7FC,奔跑的小骚猪,江西,66.23,74.97,50
BV18M4y1x7FC,静檀汀芷,上海,66.23,74.97,50
BV18M4y1x7FC,十七八岁的年轻人,广东,66.23,74.97,50
BV18M4y1x7FC,一条快乐的黄瓜,广东,66.23,74.97,50
BV18M4y1x7FC,小铭丸子,上海,66.23,74.97,50
BV18M4y1x7FC,麻辣个Biubiu,上海,66.23,74.97,50
BV18M4y1x7FC,单人聆听世界,山东,66.23,74.97,50
BV18M4y1x7FC,-知施粪纸-,内蒙古,66.23,74.97,50
BV18M4y1x7FC,gzwaltz,广东,66.23,74.97,50
BV18M4y1x7FC,yjwdsg,湖南,66.23,74.97,50
BV18M4y1x7FC,XC_Song,广东,66.23,74.97,50
BV18M4y1x7FC,wolverene9,湖南,66.23,74.97,50
BV18M4y1x7FC,hjhovovo,广东,66.23,74.97,50
BV18M4y1x7FC,吃八个土豆的狐狸,湖北,66.23,74.97,50
BV18M4y1x7FC,vercrtti,上海,66.23,74.97,50
BV18M4y1x7FC,吹笛的猫君,上海,66.23,74.97,50
BV18M4y1x7FC,暖树du,广东,66.23,74.97,50
BV18M4y1x7FC,coijrog,福建,66.23,74.97,50
BV18M4y1x7FC,ychl1502,上海,66.23,74.97,50
BV18M4y1x7FC,jamessivp,陕西,66.23,74.97,50
BV18M4y1x7FC,哈喽多岁的,上海,66.23,74.97,50
BV18M4y1x7FC,123MIT,北京,66.23,74.97,50
BV18M4y1x7FC,Zhang994034,四川,66.23,74.97,50
BV18M4y1x7FC,babyCody,四川,66.23,74.97,50
BV18M4y1x7FC,Fernando929,河南,66.23,74.97,50
BV18M4y1x7FC,这个辅助不太笨,广东,66.23,74.97,50
BV18M4y1x7FC,太阳的光芒1,上海,66.23,74.97,50
BV18M4y1x7FC,王育本对对对,湖北,66.23,74.97,50
BV18M4y1x7FC,GalaxyHunter,浙江,66.23,74.97,50
BV18M4y1x7FC,鬱清大魔王,广东,66.23,74.97,50
BV18M4y1x7FC,jack85,四川,66.23,74.97,50
BV18M4y1x7FC,杨敏迪,上海,66.23,74.97,50
BV18M4y1x7FC,黯月光,浙江,66.23,74.97,50
BV18M4y1x7FC,Cantabile_vln,广东,66.23,74.97,50
BV18M4y1x7FC,程序媛-小美,湖南,73.23,74.97,70
BV18M4y1x7FC,ccuic123,北京,66.23,74.97,50
BV18M4y1x7FC,当窗外有了月,贵州,66.23,74.97,50
BV18M4y1x7FC,小小鸟vov,青海,66.23,74.97,50
BV18M4y1x7FC,追逐2480,山西,66.23,74.97,50
BV18M4y1x7FC,手充的钱与我何干,湖北,66.23,74.97,50
BV18M4y1x7FC,bili_66152669303,上海,66.23,74.97,50
BV18M4y1x7FC,黑白旋风小子,广东,66.23,74.97,50
BV18M4y1x7FC,bili_698616844,浙江,66.23,74.97,50
BV18M4y1x7FC,仓央Yu然,广东,66.23,74.97,50
BV18M4y1x7FC,从零开始的1世界,广东,66.23,74.97,50
BV1W226BTED9,臭看番的我,重庆,71.6,77.85,60
BV1W226BTED9,我是精灵副将马国成,辽宁,68.1,77.85,50
BV1W226BTED9,科里昂杨逍,广东,68.1,77.85,50
BV1W226BTED9,小志学AI,湖南,71.6,77.85,60
BV1W226BTED9,自动抬杠的ETC,广东,68.1,77.85,50
BV1W226BTED9,言成加减乘除,浙江,68.1,77.85,50
BV1W226BTED9,究极丶破坏神,河南,68.1,77.85,50
BV1W226BTED9,bruce2_yan,广东,68.1,77.85,50
BV1W226BTED9,逍遥游书生,广东,68.1,77.85,50
BV1W226BTED9,糜烂的野鹤,四川,68.1,77.85,50
BV1W226BTED9,若水3590,浙江,68.1,77.85,50
BV1W226BTED9,我知道世上有这样的你,甘肃,68.1,77.85,50
BV1W226BTED9,哲尔梗,重庆,68.1,77.85,50
BV1W226BTED9,吃川菜嘛,陕西,68.1,77.85,50
BV1W226BTED9,追逐星光的菜小丁,甘肃,68.1,77.85,50
BV1W226BTED9,烟雨平生丶喧哗,广东,68.1,77.85,50
BV1W226BTED9,紫梅熊,山东,68.1,77.85,50
BV1W226BTED9,职业玩家_X,北京,68.1,77.85,50
BV1W226BTED9,空心慈,江西,68.1,77.85,50
BV1W226BTED9,bili_72444140701,安徽,68.1,77.85,50
BV1W226BTED9,枯叶齐飞,四川,68.1,77.85,50
BV1W226BTED9,DefierZZP,北京,68.1,77.85,50
BV1W226BTED9,野野00野野,广东,68.1,77.85,50
BV1W226BTED9,燚-涵,江苏,68.1,77.85,50
BV1W226BTED9,手上的孩子气,河南,68.1,77.85,50
BV1W226BTED9,松林林松林,四川,68.1,77.85,50
BV1W226BTED9,小四May,福建,68.1,77.85,50
BV1W226BTED9,人间复归离,吉林,68.1,77.85,50
BV1W226BTED9,我只会中翻,浙江,68.1,77.85,50
BV1W226BTED9,空洞_理想,山西,68.1,77.85,50
BV1W226BTED9,老人与墨,上海,68.1,77.85,50
BV1W226BTED9,SQSunny1,河北,68.1,77.85,50
BV1W226BTED9,名字随意取的,湖南,68.1,77.85,50
BV1W226BTED9,UFO747,河北,68.1,77.85,50
BV1W226BTED9,ljsxzx,安徽,68.1,77.85,50
BV1W226BTED9,我要吃鱼了哦,重庆,68.1,77.85,50
BV1W226BTED9,月亮916,河北,68.1,77.85,50
BV1W226BTED9,狐狸Fuchs,湖南,68.1,77.85,50
BV1W226BTED9,小猪在逃窜,广西,68.1,77.85,50
BV1W226BTED9,yaniYY,四川,68.1,77.85,50
BV1W226BTED9,酷筱鲜,上海,68.1,77.85,50
BV1W226BTED9,是嘟嘟嘿嘿,河南,68.1,77.85,50
BV1W226BTED9,有决心的me,山东,68.1,77.85,50
BV1W226BTED9,饼饼饼叔,山东,68.1,77.85,50
BV1W226BTED9,杨扬爱欣宝,福建,68.1,77.85,50
BV1W226BTED9,冒昧滴家伙,广西,68.1,77.85,50
BV1W226BTED9,bili_33683297369,上海,68.1,77.85,50
BV1W226BTED9,1223885866,四川,68.1,77.85,50
BV1W226BTED9,一世浮華灬,广东,68.1,77.85,50
BV1W226BTED9,扣库里桑杰宝,浙江,68.1,77.85,50
BV1bn87zoESh,HT海棠枝上吟,河北,68.7,78.77,50
BV1bn87zoESh,鸽柏林,广东,68.7,78.77,50
BV1bn87zoESh,超喜欢吃芋泥麻薯,江西,68.7,78.77,50
BV1bn87zoESh,鱼钱多,广东,68.7,78.77,50
BV1bn87zoESh,97青梅,广东,68.7,78.77,50
BV1bn87zoESh,神州小学生,河北,68.7,78.77,50
BV1bn87zoESh,小潘铁铁,江苏,68.7,78.77,50
BV1bn87zoESh,一不晓新,重庆,68.7,78.77,50
BV1bn87zoESh,橘侠猫,吉林,68.7,78.77,50
BV1bn87zoESh,小p深蓝,四川,68.7,78.77,50
BV1bn87zoESh,汐颜偷偷告诉你,浙江,68.7,78.77,50
BV1bn87zoESh,Grim弑,北京,68.7,78.77,50
BV1bn87zoESh,RamsdenChloy,广东,68.7,78.77,50
BV1bn87zoESh,駱駝貓,上海,72.2,78.77,60
BV1bn87zoESh,SayMiCoPlz,北京,68.7,78.77,50
BV1bn87zoESh,热心村民小乐,上海,68.7,78.77,50
BV1bn87zoESh,杉野律,中国台湾,68.7,78.77,50
BV1bn87zoESh,泥娃娃668,广东,68.7,78.77,50
BV1bn87zoESh,学海苍茫,内蒙古,68.7,78.77,50
BV1bn87zoESh,国宝AI9179,山东,68.7,78.77,50
BV1bn87zoESh,邹妓讽秦王纳妾,广东,68.7,78.77,50
BV1bn87zoESh,精彩1223,湖南,68.7,78.77,50
BV1bn87zoESh,二七的魏先生,河南,72.2,78.77,60
BV1bn87zoESh,无夜旅人,江西,68.7,78.77,50
BV1bn87zoESh,你笑起来真好看哦哦,广东,68.7,78.77,50
BV1bn87zoESh,六块四毛二除二,四川,68.7,78.77,50
BV1bn87zoESh,在下旭日,辽宁,72.2,78.77,60
BV1bn87zoESh,末日占救世,广东,68.7,78.77,50
BV1bn87zoESh,NeonFrame,贵州,68.7,78.77,50
BV1bn87zoESh,我愛金敏圭,中国香港,68.7,78.77,50
BV1bn87zoESh,呀呀哦哟哟,重庆,72.2,78.77,60
BV1bn87zoESh,叁岁半差三岁,北京,68.7,78.77,50
BV1bn87zoESh,HarveyN01,广东,68.7,78.77,50
BV1bn87zoESh,阿墨mowua,江苏,72.2,78.77,60
BV1bn87zoESh,阿墨mowua,江苏,68.7,78.77,50
BV1bn87zoESh,闫晨Eyrr,安徽,68.7,78.77,50
BV1bn87zoESh,蛋卷饭汉堡怎么了,湖北,68.7,78.77,50
BV1bn87zoESh,嗅情,重庆,68.7,78.77,50
BV1bn87zoESh,小黑蛋n,河南,68.7,78.77,50
BV1bn87zoESh,川禾漫剧,浙江,68.7,78.77,50
BV1bn87zoESh,LiZhiCong_,辽宁,68.7,78.77,50
BV1bn87zoESh,神秘设计人,内蒙古,68.7,78.77,50
BV1bn87zoESh,懒洋花花,辽宁,68.7,78.77,50
BV1bn87zoESh,Auspik,天津,68.7,78.77,50
BV1bn87zoESh,黑猫叶子,广东,68.7,78.77,50
BV1bn87zoESh,燧影AIGC,山东,72.2,78.77,60
BV1bn87zoESh,tj0855,贵州,68.7,78.77,50
BV1bn87zoESh,咕咕111245678,山东,68.7,78.77,50
BV1bn87zoESh,曦KLK,湖北,68.7,78.77,50
BV1bn87zoESh,PORTERSMILE,陕西,68.7,78.77,50
BV14erDB4Eo9,AI电影创作教程,湖南,72.36,79.01,60
BV14erDB4Eo9,代码大咖,湖南,68.86,79.01,50
BV14erDB4Eo9,Soloman轩,山东,68.86,79.01,50
BV14erDB4Eo9,雪号鸟Snowl,江苏,68.86,79.01,50
BV14erDB4Eo9,温温的心心,云南,68.86,79.01,50
BV14erDB4Eo9,古墓派长老亲传大弟子,重庆,68.86,79.01,50
BV14erDB4Eo9,AI电影创作教程,湖南,72.36,79.01,60
BV14erDB4Eo9,ww粉红大王八,安徽,68.86,79.01,50
BV14erDB4Eo9,野鸽儿の奇妙冒险,湖南,68.86,79.01,50
BV14erDB4Eo9,胎哎哎哎哎神,四川,68.86,79.01,50
BV14erDB4Eo9,流年似水_2006,吉林,68.86,79.01,50
BV14erDB4Eo9,花蕊童,四川,68.86,79.01,50
BV14erDB4Eo9,tniyy,贵州,68.86,79.01,50
BV14erDB4Eo9,彭于晏的金城武,北京,68.86,79.01,50
BV14erDB4Eo9,再给我1点时间,宁夏,68.86,79.01,50
BV14erDB4Eo9,微光南行,福建,68.86,79.01,50
BV14erDB4Eo9,你刘爸,江苏,68.86,79.01,50
BV14erDB4Eo9,十七羚,天津,68.86,79.01,50
BV14erDB4Eo9,江山画手,贵州,68.86,79.01,50
BV14erDB4Eo9,bili_60167535045,江苏,68.86,79.01,50
BV14erDB4Eo9,Joecy乔西,海南,68.86,79.01,50
BV14erDB4Eo9,鲨手猪猪,上海,68.86,79.01,50
BV14erDB4Eo9,昊wch,山东,68.86,79.01,50
BV14erDB4Eo9,望梦冀,四川,68.86,79.01,50
BV14erDB4Eo9,弱智光环0_o,浙江,68.86,79.01,50
BV14erDB4Eo9,脚模全国招,广东,68.86,79.01,50
BV14erDB4Eo9,谋定后动HYDZ,重庆,68.86,79.01,50
BV14erDB4Eo9,54706781699_bili,天津,68.86,79.01,50
BV14erDB4Eo9,假若轻语,安徽,68.86,79.01,50
BV14erDB4Eo9,西瓜喵喵虫,四川,68.86,79.01,50
BV14erDB4Eo9,僧缘,河南,68.86,79.01,50
BV14erDB4Eo9,会叫小屋,云南,68.86,79.01,50
BV14erDB4Eo9,爱吃刘海的三文鱼,广东,68.86,79.01,50
BV14erDB4Eo9,杰伦忘情水,广西,68.86,79.01,50
BV14erDB4Eo9,江海路不远,河北,68.86,79.01,50
BV14erDB4Eo9,bili_55809054564,安徽,68.86,79.01,50
BV14erDB4Eo9,Paul00007,海南,68.86,79.01,50
BV14erDB4Eo9,mubirds,山东,68.86,79.01,50
BV14erDB4Eo9,智杖鱼肚白zyl,河北,68.86,79.01,50
BV14erDB4Eo9,一次性可乐,浙江,68.86,79.01,50
BV14erDB4Eo9,supper瑞士糖糖,上海,68.86,79.01,50
BV14erDB4Eo9,我拄着一束光-,河南,68.86,79.01,50
BV14erDB4Eo9,npcVS上帝,广东,68.86,79.01,50
BV14erDB4Eo9,静流328,四川,68.86,79.01,50
BV14erDB4Eo9,人族永生者,山东,68.86,79.01,50
BV14erDB4Eo9,布吉2223,湖南,68.86,79.01,50
BV14erDB4Eo9,Cromwell1_,江苏,68.86,79.01,50
BV14erDB4Eo9,窦巴嘎巴嘎大巴嘎,广东,68.86,79.01,50
BV14erDB4Eo9,幻灵玄野,广东,68.86,79.01,50
BV1dL4y1h7Q6,毕导ETO,河南,69.24,79.6,50
BV1dL4y1h7Q6,粥团里的JO太郎,河南,69.24,79.6,50
BV1dL4y1h7Q6,雪刃击空明霜星,陕西,69.24,79.6,50
BV1dL4y1h7Q6,妮蔻酱嚼嚼,河南,69.24,79.6,50
BV1dL4y1h7Q6,不要一觉,河南,69.24,79.6,50
BV1dL4y1h7Q6,_搓麻将mj,北京,69.24,79.6,50
BV1dL4y1h7Q6,咸鱼糯叽叽,山西,69.24,79.6,50
BV1dL4y1h7Q6,穆大诗,广东,69.24,79.6,50
BV1dL4y1h7Q6,当四十四次日落后,浙江,72.74,79.6,60
BV1dL4y1h7Q6,梦哩不知身是客,广东,69.24,79.6,50
BV1dL4y1h7Q6,WBHigher,陕西,69.24,79.6,50
BV1SzcGzMEeK,我和我的平庸,江苏,72.17,78.73,60
BV1SzcGzMEeK,目前菜鸟中,宁夏,70.42,78.73,55
BV1SzcGzMEeK,arrowman12,甘肃,72.17,78.73,60
BV1SzcGzMEeK,克劳迪盖乌斯,湖南,68.67,78.73,50
BV1SzcGzMEeK,短腿小胖子zzz,广东,68.67,78.73,50
BV1SzcGzMEeK,自转竹蜻蜓,广东,72.17,78.73,60
BV1SzcGzMEeK,小趴菜乖乖,河南,68.67,78.73,50
BV1SzcGzMEeK,hhhhsssshhgfs,福建,72.17,78.73,60
BV1SzcGzMEeK,Entropy0212,辽宁,68.67,78.73,50
BV1SzcGzMEeK,马戈夫mgfubs,云南,68.67,78.73,50
BV1SzcGzMEeK,Bili_5963943,广东,72.17,78.73,60
BV1SzcGzMEeK,毛志伟标准,广东,68.67,78.73,50
BV1SzcGzMEeK,不起名字不行吗_行,河南,68.67,78.73,50
BV1SzcGzMEeK,碎花布艺,吉林,72.17,78.73,60
BV1SzcGzMEeK,心理学逦逦,湖南,68.67,78.73,50
BV1SzcGzMEeK,吱吱吱吱爱学习,山西,68.67,78.73,50
BV1SzcGzMEeK,inkhikol,浙江,72.17,78.73,60
BV1SzcGzMEeK,HamburgerMonster,上海,72.17,78.73,60
BV1SzcGzMEeK,simplecolour,上海,72.17,78.73,60
BV1SzcGzMEeK,mmuuttee,重庆,68.67,78.73,50
BV1SzcGzMEeK,WhoseDestiny,江苏,68.67,78.73,50
BV1SzcGzMEeK,芃睿,内蒙古,72.17,78.73,60
BV1SzcGzMEeK,平十原,天津,68.67,78.73,50
BV1SzcGzMEeK,ZERO_HOURS,四川,72.17,78.73,60
BV1SzcGzMEeK,sEcondB,上海,68.67,78.73,50
BV1SzcGzMEeK,夕沉烟默,广东,72.17,78.73,60
BV1SzcGzMEeK,中年阿姨姨姨姨,天津,68.67,78.73,50
BV1SzcGzMEeK,KatoHiroshi,广东,68.67,78.73,50
BV1SzcGzMEeK,score01,广东,72.17,78.73,60
BV1SzcGzMEeK,分区不感兴趣,北京,68.67,78.73,50
BV1SzcGzMEeK,想去pku的渣渣,北京,68.67,78.73,50
BV1SzcGzMEeK,有才华的毒液,上海,68.67,78.73,50
BV1SzcGzMEeK,半生du,广西,68.67,78.73,50
BV1SzcGzMEeK,弃天帝大爷,湖北,72.17,78.73,60
BV1SzcGzMEeK,storminheaven,北京,72.17,78.73,60
BV1SzcGzMEeK,nnnssa,北京,72.17,78.73,60
BV1SzcGzMEeK,aMagzing,江苏,68.67,78.73,50
BV1SzcGzMEeK,未知工程师,湖北,68.67,78.73,50
BV1SzcGzMEeK,Tonylu0773,广西,68.67,78.73,50
BV1SzcGzMEeK,TwmgrQuest,山东,72.17,78.73,60
BV1SzcGzMEeK,小美女甜甜,河北,68.67,78.73,50
BV1SzcGzMEeK,智能左右,吉林,72.17,78.73,60
BV1SzcGzMEeK,Vee_val,四川,68.67,78.73,50
BV1SzcGzMEeK,狼王只杀队友,四川,72.17,78.73,60
BV1DeWrzCE6V,欽风,广东,68.46,78.4,50
BV1DeWrzCE6V,炫辣狗腿堡Zz,河北,68.46,78.4,50
BV1E4qpB9EMj,LANTi丶,广西,65.37,73.65,50
BV1E4qpB9EMj,谢谢的世界,海南,65.37,73.65,50
BV1E4qpB9EMj,哎呦呦呦呦呦呦呦呦我,浙江,65.37,73.65,50
BV1E4qpB9EMj,专业人士B,浙江,65.37,73.65,50
BV1E4qpB9EMj,星球无证驾驶员,山东,65.37,73.65,50
BV1E4qpB9EMj,雾岛风起云涌时,福建,65.37,73.65,50
BV1E4qpB9EMj,缸中之脑花,广东,65.37,73.65,50
BV1E4qpB9EMj,从零学AI_李沐,湖南,68.87,73.65,60
BV1E4qpB9EMj,电影片尾有彩蛋,湖南,65.37,73.65,50
BV1E4qpB9EMj,兔叽魔法师,浙江,65.37,73.65,50
BV1E4qpB9EMj,最后的魔导士,辽宁,65.37,73.65,50
BV1E4qpB9EMj,寿司兔啪啦,广东,72.37,73.65,70
BV1Ju4y157dK,GPT中英字幕课程资源,江苏,69.35,74.39,60
BV1Ju4y157dK,Pribnow_,广东,65.85,74.39,50
BV1Ju4y157dK,Lofi_time,北京,69.35,74.39,60
BV1Ju4y157dK,灵魂追不上,辽宁,65.85,74.39,50
BV1Ju4y157dK,深浅布宜,陕西,65.85,74.39,50
BV1Ju4y157dK,hoyofesta,上海,76.35,74.39,80
BV1Ju4y157dK,ianbay,安徽,65.85,74.39,50
BV1Ju4y157dK,MM10101,广东,79.85,74.39,90
BV1Ju4y157dK,这个人很神秘431477,天津,65.85,74.39,50
BV1Ju4y157dK,jw2020,广东,65.85,74.39,50
BV1Ju4y157dK,步步高练腹机,上海,65.85,74.39,50
BV1Ju4y157dK,dissolve溶解,福建,65.85,74.39,50
BV1Ju4y157dK,MM10101,广东,65.85,74.39,50
BV1Ju4y157dK,hoyofesta,北京,76.35,74.39,80
BV1Ju4y157dK,狗026,北京,65.85,74.39,50
BV1Ju4y157dK,SaintNikki,上海,65.85,74.39,50
BV1Ju4y157dK,嘟嘟1004,陕西,65.85,74.39,50
BV1Ju4y157dK,浮生非梦,吉林,65.85,74.39,50
BV1Ju4y157dK,吃起来像肉,四川,65.85,74.39,50
BV1Ju4y157dK,jancyjian,广东,65.85,74.39,50
BV1Ju4y157dK,MM10101,广东,76.35,74.39,80
BV1Ju4y157dK,一枝打油诗,湖南,65.85,74.39,50
BV1Ju4y157dK,mowrp,四川,65.85,74.39,50
BV1Ju4y157dK,barryzh,北京,65.85,74.39,50
BV1Ju4y157dK,爱野美奈子99,福建,65.85,74.39,50
BV1Ju4y157dK,nothxxg,四川,65.85,74.39,50
BV1Ju4y157dK,Canneberge,黑龙江,65.85,74.39,50
BV1Ju4y157dK,叶九咲,北京,65.85,74.39,50
BV1Ju4y157dK,账号已注销,广东,65.85,74.39,50
BV1Ju4y157dK,cicibaby0708,北京,65.85,74.39,50
BV1Ju4y157dK,吃着火锅唱着歌的小唐,辽宁,65.85,74.39,50
BV1Ju4y157dK,W与神同在,广西,65.85,74.39,50
BV1Ju4y157dK,卜卜星艾丽,江苏,65.85,74.39,50
BV1Ju4y157dK,skikevin,北京,65.85,74.39,50
BV1Ju4y157dK,五道口美食家,北京,65.85,74.39,50
BV1Ju4y157dK,Staccyever,广东,65.85,74.39,50
BV1Ju4y157dK,Dreamer追寻,江西,65.85,74.39,50
BV1Ju4y157dK,甘赶敢干,贵州,65.85,74.39,50
BV1Ju4y157dK,南风清清,福建,65.85,74.39,50
BV1Ju4y157dK,dissolve溶解,福建,65.85,74.39,50
BV1Ju4y157dK,波鲁克22,河南,65.85,74.39,50
BV1Ju4y157dK,波鲁克22,河南,65.85,74.39,50
BV1Ju4y157dK,梭罗不在湖边,浙江,65.85,74.39,50
BV1Ju4y157dK,一只可爱的霸王龙,福建,65.85,74.39,50
BV1Ju4y157dK,MM10101,广东,76.35,74.39,80
BV1Ju4y157dK,MM10101,广东,69.35,74.39,60
BV1Ju4y157dK,MM10101,广东,69.35,74.39,60
BV1vgZ7BQEUk,清风明月快上茶,内蒙古,68.94,79.14,50
BV1vgZ7BQEUk,巴蒂庞,北京,72.44,79.14,60
BV1vgZ7BQEUk,琉羽啊,北京,79.44,79.14,80
BV1vgZ7BQEUk,这个单位不存在,陕西,68.94,79.14,50
BV1vgZ7BQEUk,哎我就知道嗯哼,江苏,72.44,79.14,60
BV1vgZ7BQEUk,今晚打老虎wf,四川,67.19,79.14,45
BV1vgZ7BQEUk,清风明月快上茶,内蒙古,79.44,79.14,80
BV1vgZ7BQEUk,考拉今天也在睡觉,浙江,72.44,79.14,60
BV1vgZ7BQEUk,式部x帆夏,广东,68.94,79.14,50
BV1vgZ7BQEUk,墨浪花,安徽,72.44,79.14,60
BV1vgZ7BQEUk,bili_90660019582,广东,72.44,79.14,60
BV1vgZ7BQEUk,草地和星空,四川,72.44,79.14,60
BV1vgZ7BQEUk,一位菜鸟的心路历程,黑龙江,68.94,79.14,50
BV1vgZ7BQEUk,鸿沫,北京,72.44,79.14,60
BV1vgZ7BQEUk,调音主理人,新疆,72.44,79.14,60
BV1vgZ7BQEUk,小虫-叶子,江苏,72.44,79.14,60
BV1vgZ7BQEUk,Burgunddy,浙江,72.44,79.14,60
BV1vgZ7BQEUk,吴辰彦,上海,72.44,79.14,60
BV1vgZ7BQEUk,cityseeker,天津,72.44,79.14,60
BV1vgZ7BQEUk,栈斗鹅plus,四川,68.94,79.14,50
