bv_id,category
BV1gQ4y1E7iy,Foundation
BV1CZaMztETy,Foundation
BV1uCrpBmEnE,Foundation
BV1rY4y1P7er,Foundation
BV1sd4y167NS,Foundation
BV16a4y1N7z4,Foundation
BV1Lk4y1x7AE,Foundation
BV1MD421T7LB,Foundation
BV1Pg4y1X7Pa,Foundation
BV1atCRYsE7x,Foundation
BV1uNk1YxEJQ,Method
BV1yC4y127uj,Method
BV1dM411U7qK,Method
BV1QK41zFETe,Method
BV1fj6vBfEnu,Method
BV1qZSLBYEpa,Method
BV1aaFSzyEDW,Method
BV1x8zvYmE7G,Method
BV1sHU9BmEne,Method
BV18M4y1x7FC,Application
BV1W226BTED9,Application
BV1bn87zoESh,Application
BV14erDB4Eo9,Application
BV1dL4y1h7Q6,Application
BV1SzcGzMEeK,Application
BV1DeWrzCE6V,Application
BV1E4qpB9EMj,Application
BV1Ju4y157dK,Application
BV1vgZ7BQEUk,Application
